"Biology/Biological Sciences, General"
"Psychology, General"
General Studies
Environmental Science
Accounting and Business/Management
"Animal Sciences, General"
"Engineering, General"
Pre-Medicine/Pre-Medical Studies
Criminology
"Nursing/Registered Nurse (RN, ASN, BSN, MSN)"
"Business Administration and Management, General"
Graphic Design
"Finance, General"
Mechanical Engineering
Engineering Mechanics
3-D Modeling and Design Technology/Technician
Exercise Science and Kinesiology
Elementary Education and Teaching
"Health Services/Allied Health/Health Sciences, General"
Marine Biology and Biological Oceanography
"English Language and Literature, General"
Forensic Psychology
Aeronautical/Aerospace Engineering Technology/Technician
Clinical Psychology
Computer Science
Sports Medicine
"Education, General"
Music
"Business/Commerce, General"
"Culinary Arts and Related Services, Other"
Architecture
Biochemistry
Pediatric Nurse/Nursing
Law
"Agricultural Business and Management, General"
Pre-Law Studies
Sports and Exercise
Accounting and Finance
Sport and Fitness Administration/Management
Engineering Design
Veterinary Medicine
"Civil Engineering, General"
Interior Design
Agribusiness/Agricultural Business Operations
Criminal Justice/Law Enforcement Administration
Journalism
"Forestry, General"
"Nursing, Other"
Horse Husbandry/Equine Science and Management
"Finance and Financial Management Services, Other"
"Registered Nursing, Nursing Administration, Nursing Research and Clinical Nursing, Other"
Registered Nursing/Registered Nurse
"Political Science and Government, General"
"Criminal Justice and Corrections, General"
Diagnostic Medical Sonography/Sonographer and Ultrasound Technician
History Teacher Education
"Biomedical Sciences, General"
Interior Architecture
Forensic Science and Technology
"Teacher Education, Multiple Levels"
"Cosmetology/Cosmetologist, General"
"Cosmetology, Barber/Styling, and Nail Instructor"
"Chemistry, General"
Culinary Arts/Chef Training
Business and Innovation/Entrepreneurship Teacher Education
Baking and Pastry Arts/Baker/Pastry Chef
Nurse Midwife/Nursing Midwifery
Dentistry
Environmental/Environmental Engineering Technology/Technician
Medicine
"Entrepreneurial and Small Business Operations, Other"
Physical Therapy/Therapist
Human Biology
Psychiatry
"Veterinary Administrative Services, General"
Welding Engineering Technology/Technician
Animal Training
Electrical and Computer Engineering
Aviation/Airway Management and Operations
Engineering Physics/Applied Physics
Engineering Science
"Economics, General"
Psychiatric/Mental Health Nurse/Nursing
"Computer Engineering, General"
Cognitive Psychology and Psycholinguistics
Early Childhood Education and Teaching
"Physics, General"
Engineering Chemistry
Biochemical Engineering
Veterinary Anatomy
Music Teacher Education
"Wildlife, Fish and Wildlands Science and Management"
Dental Hygiene/Hygienist
"Animal Sciences, Other"
Cinematography and Film/Video Production
"Film/Video and Photographic Arts, Other"
"Natural Resources/Conservation, General"
Agricultural and Extension Education Services
Welding Technology/Welder
Architectural and Building Sciences/Technology
Philosophy
Bioengineering and Biomedical Engineering
Digital Marketing
Nursing Education
Veterinary Administrative/Executive Assistant and Veterinary Secretary
Writing
Neonatal Nurse Practitioner Residency/Fellowship Program
Photography
Neurological Surgery/Neurosurgery
History and Political Science
Business Analytics
Biotechnology
"Dance, General"
Music Theory and Composition
Nuclear Engineering
Art Therapy/Therapist
Acute Care Nurse Practitioner Residency/Fellowship Program
Airline/Commercial/Professional Pilot and Flight Crew
"Hospitality Administration/Management, General"
"Health and Wellness, General"
Sustainability Studies
Agricultural Communication/Journalism
"Teacher Education and Professional Development, Specific Subject Areas, Other"
Musical Theatre
Industrial Engineering
Speech-Language Pathology/Pathologist
Business and Economic Journalism
"Business, Management, Marketing, and Related Support Services, Other"
Agricultural Engineering
Architectural Design
Education/Teaching of Individuals in Early Childhood Special Education Programs
Nurse Anesthetist
Social Work
Secondary Education and Teaching
Physical and Rehabilitation Medicine
Theatre/Theater
Wildlife Biology
"Mathematics, General"
"Visual and Performing Arts, General"
Pre-Nursing Studies
Law Enforcement Intelligence Analysis
"Agricultural and Domestic Animal Services, Other"
"Aerospace, Aeronautical, and Astronautical/Space Engineering, Other"
"Sports, Kinesiology, and Physical Education/Fitness, Other"
Kinesiotherapy/Kinesiotherapist
Undecided
Pre-Veterinary Studies
Construction Engineering
"Geology/Earth Science, General"
Ecology
"Business Administration, Management and Operations, Other"
Athletic Training/Trainer
Automotive Engineering Technology/Technician
Psychology Teacher Education
"Communication, Journalism, and Related Programs, Other"
"Communication and Media Studies, Other"
Substance Abuse/Addiction Counseling
Exercise Physiology and Kinesiology
Robotics Technology/Technician
Sports Studies
Mathematics and Statistics
Medical Family Therapy/Therapist
Civil Drafting and Civil Engineering CAD/CADD
Digital Arts
International Law and Legal Studies
Counseling Psychology
Business and Social Skills
Art Teacher Education
"Psychology, Other"
"Marketing/Marketing Management, General"
Emergency Medical Technology/Technician (EMT Paramedic)
"Arts, Entertainment, and Media Management, General"
Forensic Pathology
Medical Radiologic Technology/Science - Radiation Therapist
Physical Education Teaching and Coaching
Astronautical Engineering
"Cooking and Related Culinary Arts, General"
Accounting and Computer Science
Equestrian/Equine Studies
Electrical and Electronics Engineering
"Nurse Practitioner Residency/Fellowship Program, General"
Fashion Merchandising
"Aeronautics/Aviation/Aerospace Science and Technology, General"
"Cosmetology and Related Personal Grooming Arts, Other"
"Biochemistry, Biophysics and Molecular Biology, Other"
"Computer and Information Sciences, General"
Large Animal/Food Animal and Equine Surgery and Medicine
Photojournalism
Biological and Physical Sciences
Entrepreneurship/Entrepreneurial Studies
Sports Communication
"Communication, General"
Administration of Special Education
"Nursing Administration (MSN, MS, PhD)"
"Fine Arts and Art Studies, Other"
Sustainable Design/Architecture
Real Estate
Social Psychology
Game and Interactive Media Design
"Construction Trades, General"
Anesthesiologist Assistant
Fire Science/Fire-fighting
"Construction Management, General"
Environmental/Natural Resource Economics
Spanish Language and Literature
Chiropractic
Acute Care Medicine Physician Assistant Residency/Fellowship Program
Orthodontics/Orthodontology
Sculpture
Anesthesiology
English/Language Arts Teacher Education
"Drama and Dramatics/Theatre Arts, General"
Astrophysics
Architectural Engineering
"Mechatronics, Robotics, and Automation Engineering Technology/Technician"
Teacher Assistant/Aide
Teaching English as a Second or Foreign Language/ESL Language Instructor
Education/Teaching of Individuals in Secondary Special Education Programs
Broadcast Journalism
Neuroscience
Audio Engineering Technology/Technician
Physical Therapy Assistant
Agricultural Teacher Education
Farm/Farm and Ranch Management
Child Development
Computational and Applied Mathematics
"Social Sciences, General"
Pharmacology
"Physical Sciences, General"
Organic Chemistry
Chemical Engineering
Education/Teaching of Individuals in Elementary Special Education Programs
Mortuary Science and Embalming/Embalmer
"Computer and Information Sciences,  Other"
"International Business, Trade, and Tax Law"
"Architecture and Related Services, Other"
Medical Education Fellowship Program
Acupuncture and Oriental Medicine
Neurology
Clinical Nurse Leader
Nurse/Nursing Assistant/Aide and Patient Care Assistant
Adult Health Nurse/Nursing
Accounting
Biology/Biotechnology Technology/Technician
Agricultural Economics
Financial Forensics and Fraud Investigation
Kindergarten/Preschool Education and Teaching
Art
"Political Science and Government, Other"
"Ethnic, Cultural Minority, Gender, and Group Studies, Other"
Cell Biology and Anatomy
Sales and Marketing Operations/Marketing and Distribution   Teacher Education
Adolescent Medicine Fellowship Program
History and Language/Literature
General Surgery
"Human Services, General"
International Relations and Affairs
"Physician Assistant Residency/Fellowship Program, Other"
Radiologist Assistant
Acting
Education/Teaching of Individuals in Junior High/Middle School Special Education Programs
"Medical Clinical Sciences/Graduate Medical Studies, Other"
"Music Performance, General"
Pharmacy
Abdominal Radiology Fellowship Program
"Aerospace, Aeronautical, and Astronautical/Space Engineering, General"
Business/Managerial Economics
Salon/Beauty Salon Management/Manager
"History, General"
Financial Mathematics
"Education, Other"
"Neurobiology and Neurosciences, Other"
Environmental/Environmental Health Engineering
Psychiatric/Mental Health Nurse Practitioner Residency/Fellowship Program
Dietetics/Dietitian
Computer Game Programming
Liberal Arts and Sciences/Liberal Studies
Dog/Pet/Animal Grooming
Communication Management and Strategic Communications
"Design and Applied Arts, Other"
"Forestry, Other"
"Homeland Security, Law Enforcement, Firefighting and Related Protective Services, Other"
Fashion Modeling
"Data Science, General"
Early Childhood and Family Studies
"Fine/Studio Arts, General"
Arts in Medicine/Health
"Physiology, General"
European History
Organizational Leadership
"Zoology/Animal Biology, Other"
"Teacher Education and Professional Development, Specific Levels and Methods, Other"
"Science, Technology and Society"
Linguistics and Anthropology
Nursing Science
Neonatal-Perinatal Medicine
Criminal Law and Procedure
Addiction Prevention and Treatment
Architectural Studies
Developmental and Adolescent Psychology
Voice and Opera
Pre-Dentistry Studies
"Science, Technology, Engineering, and Mathematics (STEM) Educational Methods"
"Military Science, Leadership and Operational Art, Other"
"Sociology, General"
Criminal Justice/Safety Studies
Environmental Design/Architecture
Environmental Studies
"Legal Professions and Studies, Other"
International Business/Trade/Commerce
Archeology
Animal Behavior and Ethology
Humanities/Humanistic Studies
Aesthetician/Esthetician and Skin Care Specialist
Meteorology
"Sales, Distribution, and Marketing Operations, General"
International Marketing
Insurance
Family and Consumer Sciences/Home Economics Teacher Education
Nursing Practice
Obstetrics and Gynecology Nurse Practitioner Residency/Fellowship Program
Zoology/Animal Biology
Cell/Cellular and Molecular Biology
Cultural Anthropology
Land Use Planning and Management/Development
Agricultural Animal Breeding
Business Machine Repair
Radiologic Technology/Science - Radiographer
Real Estate Development
Pharmaceutical Sciences
"Aerospace, Aeronautical and Astronautical/Space Engineering"
Botany/Plant Biology
Medical Administrative/Executive Assistant and Medical Secretary
Bartending/Bartender
Fashion and Fabric Consultant
Analytical Chemistry
Forest Sciences and Biology
Nursing Assistant/Aide and Patient Care Assistant/Aide
Range Science and Management
Emergency Room/Trauma Nursing
Criminalistics and Criminal Science
Landscape Architecture
Architectural Conservation
Museology/Museum Studies
Music Management
Sociology and Anthropology
Petroleum Engineering
"Ecology, Evolution, Systematics and Population Biology, Other"
"Economics, Other"
Massage Therapy/Therapeutic Massage
Orthopedics/Orthopedic Surgery
Agricultural and Food Products Processing
Biology Teacher Education
Physics and Astronomy
"Anthropology, General"
"Military Applied Sciences, Other"
Acute Care Surgery Physician Assistant Residency/Fellowship Program
"Plant Sciences, General"
Mathematical Statistics and Probability
Medical Anthropology
"Computer Programming/Programmer, General"
Earth Systems Science
Food Preparation/Professional Cooking/Kitchen Assistant
"Graphic Communications, Other"
Geospatial Intelligence
Mining and Mineral Engineering
General Surgery Residency Program
Biological/Biosystems Engineering
Geriatric Nurse/Nursing
Cardiology
Veterinary/Animal Health Technology/Technician and Veterinary Assistant
Mathematics Teacher Education
"Philosophy and Religious Studies, General"
Law Enforcement Investigation and Interviewing
Film/Cinema/Media Studies
Astronomy
Automation Engineer Technology/Technician
Family and Community Services
Conducting
Chinese Studies
"Microbiological Sciences and Immunology, Other"
Forest Management/Forest Resources Management
"Philosophy, Other"
Agricultural Business Technology/Technician
"Medicine, Other"
"Botany/Plant Biology, Other"
"Agriculture, General"
Automobile/Automotive Mechanics Technology/Technician
Occupational Therapist Assistant
Health Law
Deaf Studies
"Construction Management, Other"
Photographic and Film/Video Technology/Technician
Forensic Nursing
"Public Relations, Advertising, and Applied Communication, Other"
Family Medicine Physician Assistant Residency/Fellowship Program
"Parks, Recreation, and Leisure Studies"
Travel and Exploration
"Health Professions and Related Clinical Sciences, Other"
Maternal/Child Health and Neonatal Nurse/Nursing
Mathematics and Computer Science
History and Philosophy of Science and Technology
Information/Psychological Warfare and Military Media Relations
"Management Information Systems and Services, Other"
"Geological and Earth Sciences/Geosciences, Other"
"Computer/Information Technology Services Administration and Management, Other"
Child Psychiatry
Hair Styling/Stylist and Hair Design
Occupational Therapy/Therapist
Nursing Administration
Orthopedic Surgery Residency Program
Sign Language Interpretation and Translation
"Rhetoric and Composition/Writing Studies, Other"
Biochemistry and Molecular Biology
Immunopathology
"Mechanics and Repairers, General"
"Engineering Technologies/Technicians, General"
"English Language and Literature/Letters, Other"
Interventional Cardiology Fellowship Program
"Foods, Nutrition, and Wellness Studies, General"
"Russian, Central European, East European and Eurasian Studies"
Programs for Foreign Lawyers
Dental Assisting/Assistant
Agricultural and Horticultural Plant Breeding
"Organizational Communication, General"
Meeting and Event Planning
Veterinary Practice Residency Program
Medical Oncology Fellowship Program
Veterinary Internal Medicine Residency Program
Women's Health Nurse/Nursing
Computer Engineering Technology/Technician
Agricultural Mechanics and Equipment/Machine Technology/Technician
Geography and Environmental Studies
Barbering/Barber
"Drafting and Design Technology/Technician, General"
Applied Psychology
Architectural Drafting and Architectural CAD/CADD
"Health Professions Residency/Fellowship Programs, Other"
"Mechanic and Repair Technologies/Technicians, Other"
Manufacturing Engineering
Conservation Biology
Neuroscience Nurse Practitioner Residency/Fellowship Program
Criminal Justice/Police Science
International Agriculture
Orthopedic Nurse Practitioner Residency/Fellowship Program
Psychiatric Pharmacy Residency/Fellowship Program
Nanotechnology
"Health-Related Knowledge and Skills, Other"
Fire/Arson Investigation and Prevention
Pediatric Emergency Medicine Fellowship Program
Adult and Continuing Education Administration
Veterinary Pathology and Pathobiology
Agricultural Power Machinery Operation
"Restaurant, Culinary, and Catering Management/Manager"
"Applied Statistics, General"
Cyber/Computer Forensics and Counterterrorism
"Cell/Cellular Biology and Anatomical Sciences, Other"
Audiology/Audiologist
Zoological Medicine Residency Program
"Veterinary Administrative Services, Other"
Hydrology and Water Resources Science
"Arts, Entertainment, and Media Management, Other"
"Special Education and Teaching, General"
Foreign Language Teacher  Education
Ceramic Arts and Ceramics
"Art/Art Studies, General"
"Nursing Science (MS, PhD)"
Podiatric Medicine/Podiatry
Social and Philosophical Foundations of Education
Mechanical/Mechanical Engineering Technology/Technician
Physiological Psychology/Psychobiology
Respiratory Care Therapy/Therapist
Animal Physiology
Planetary Astronomy and Science
"Multi-/Interdisciplinary Studies, General"
Nutrition Sciences
Family Psychology
"Mechatronics, Robotics, and Automation Engineering"
Army JROTC/ROTC
Radioisotopic Pathology
Elementary and Middle School Administration/Principalship
Orthodontics Residency Program
"Medical Residency Programs, Other"
Hematological Pathology
Education/Teaching of Individuals with Traumatic Brain Injuries
"System, Networking, and LAN/WAN Management/Manager"
Buddhist Studies
Mental Health Counseling/Counselor
"Astronomy and Astrophysics, Other"
Drama Therapy/Therapist
Mathematical Biology
Entrepreneurship Law
Worship Ministry
Pre-Physical Therapy Studies
"Animation, Interactive Technology, Video Graphics, and Special Effects"
Family Medicine
Peace Studies and Conflict Resolution
English as a Second Language
Creative Writing
"Mechanical Engineering Related Technologies/Technicians, Other"
"Architectural Sciences and Technology, Other"
Medicinal and Pharmaceutical Chemistry
Cardiovascular Science
Computer Software Engineering
Remote Aircraft Pilot
"Environmental Design, Other"
"Veterinary/Animal Health Technologies/Technicians, Other"
American Sign Language (ASL)
Tourism and Travel Services Marketing Operations
Chemical and Biomolecular Engineering
Painting/Painter and Wall Coverer
"Radio, Television, and Digital Communication, Other"
"Industrial Production Technologies/Technicians, Other"
Acoustics
Major 1
Clinical Laboratory Science/Medical Technology/Technologist
Environmental Education
Energy and Environmental Policy
Painting
Non-Profit/Public/Organizational Management
"Business/Corporate Communications, General"
Physical Fitness Technician
Structural Engineering
Drama and Dance Teacher Education
Agronomy and Crop Science
Performance and Sport Psychology
Apparel and Accessories Marketing Operations
Legal Studies
Military and International Operational Law
Forensic Anthropology
Epidemiology and Biostatistics
Molecular Biology
Reading
"Nuclear and Industrial Radiologic Technologies/Technicians, Other"
Mathematical Economics
French Language and Literature
Japanese Studies
"Architectural History and Criticism, General"
Aquatic Biology/Limnology
Merchandising and Buying Operations
Theoretical and Mathematical Physics
Fine and Studio Arts Management
Electromechanical Engineering
Dermatology Nurse Practitioner Residency/Fellowship Program
Magnetic Resonance Imaging (MRI) Technology/Technician
"Communication Disorders Sciences and Services, Other"
"Architectural History, Criticism, and Conservation, Other"
Military Technologies
"Statistics, Other"
Crop Production
Anatomy
Nuclear Engineering Technology/Technician
"Mental and Social Health Services and Allied Professions, Other"
Marine Science/Merchant Marine Officer
Community Psychology
Kinesiology and Exercise Science
Fashion/Apparel Design
Behavioral Aspects of Health
Education/Teaching of Individuals with Multiple Disabilities
Animal Health
Ocean Engineering
Pediatric Nurse Practitioner Residency/Fellowship Program
"Culinary, Entertainment, and Personal Services, Other"
Marketing Research
"City/Urban, Community, and Regional Planning"
Science Teacher Education/General Science Teacher Education
"Marketing, Other"
Medical Scientist
Paleontology
Dance Therapy/Therapist
Women's Health Nurse Practitioner Residency/Fellowship Program
Combined Nurse Practitioner Residency/Fellowship Program
"Engineering-Related Fields, Other"
Outdoor Education
Music Therapy/Therapist
Digital Communication and Media/Multimedia
Critical Incident Response/Special Police Operations
Golf Course Operation and Grounds Management
Epidemiology
American/U.S. Law/Legal Studies/Jurisprudence
Dermatology
"Electrical/Electronic Engineering Technologies/Technicians, Other"
Airline Flight Attendant
Wildland/Forest Firefighting and Investigation
"Engineering/Engineering-Related Technologies/Technicians, Other"
Environmental Health
Inorganic Chemistry
English Literature (British and Commonwealth)
Optometry
"Philosophy, Politics, and Economics"
Health Aide
"History, Other"
Business and Personal/Financial Services Marketing Operations
Music Technology
Pediatrics
"Computer Programming, Specific Platforms"
Econometrics and Quantitative Economics
Small Business Administration/Management
Chemical Physics
Hand Surgery
Early Childhood Program Administration
Theoretical Chemistry
Psychiatric/Mental Health Services Technician
French Language Teacher Education
Costume Design
"Computer and Information Sciences and Support Services, Other"
Restaurant/Food Services Management
"Science Technologies/Technicians, Other"
Pastoral Studies/Counseling
"Arts, Entertainment,and Media Management, General"
School Psychology
Emergency Medicine/Anesthesiology Combined Specialty Program
Cultural Journalism
"Agricultural/Animal/Plant/Veterinary Science and Related Fields, Other"
Machine Tool Technology/Machinist
Systems Engineering
"Clinical, Counseling and Applied Psychology, Other"
Geochemistry
Aircraft Pilot (Private)
"Data Analytics, General"
Internal Medicine/Dermatology Combined Specialty Program
Child Care and Support Services Management
"Marine Transportation, Other"
Social Studies Teacher Education
Building/Construction Site Management/Manager
"Dental Residency/Fellowship Program, Other"
Physics Teacher Education
Diesel Mechanics Technology/Technician
Speech and Rhetorical Studies
"Communication Sciences and Disorders, General"
Musicology and Ethnomusicology
Jewelry Arts
Helicopter Pilot (Private)
Health/Medical  Physics
Business/Office Automation/Technology/Data Entry
Pipefitting/Pipefitter and Sprinkler Fitter
Ecology and Evolutionary Biology
